﻿Designator,Footprint,Quantity,Value,LCSC Part #
"C1, C6",C_Mica_v2_L11.4mm_W4.3mm_H9.1_P5.9mm_mix,2,5n6 FKP,
"C10, C5",C_Rect_L26.5mm_W10.5mm_P22.50mm_P15mm_custom,2,470nF MKP,
"C11, C12",C_Disc_D3.8mm_W2.6mm_P2.50mm,2,N.C,
"C2, C7",C_Rect_L7.2mm_W11.0mm_P5.00mm_MKP2_Custom,2,220nF MKP,
"C3, C4, C8, C9",CP_Radial_D10.0mm_P5.00mm,4,10uF 400V,
"D1, D2, D3, D4, D5, D6, D7, D8",D_SOD-123,8,MMSZ5242,C5334434
J1,RCA-Phono_China_Horizontal,1,LEFT IN,
J10,"TerminalBlock_Phoenix_MPT-0,5-5-2.54_1x05_P2.54mm_Horizontal",1,POT,
J2,RCA-Phono_China_Horizontal,1,RIGHT IN,
"J3, J7",PinHeader_1x03_P2.54mm_Vertical,2,BYPASS,
"J4, J8",PinHeader_1x03_P2.54mm_Vertical,2,BIAS SELECT LEFT,
J5,"TerminalBlock_Phoenix_PT-1,5-4-5.0-H_1x04_P5.00mm_Horizontal",1,LEFT CHANNEL,
J6,"TerminalBlock_Phoenix_PT-1,5-2-5.0-H_1x02_P5.00mm_Horizontal_ Faston",1,FEEDBACK,
J9,"TerminalBlock_Phoenix_PT-1,5-4-5.0-H_1x04_P5.00mm_Horizontal",1,RIGHT CHANNEL,
"Q1, Q2, Q3, Q4, Q5, Q6",SOT-223-3_TabPin2,6,BSP135,C3278599
"R1, R12, R13, R24",0805,4,100K,C149504
"R10, R22",0805,2,220K,C17556
"R11, R23",R_Axial_DIN0207_L6.3mm_D2.5mm_P10.16mm_Horizontal,2,56K,
"R14, R2",R_Axial_DIN0207_L6.3mm_D2.5mm_P10.16mm_Horizontal,2,N.C,
"R15, R18, R19, R20, R21, R3, R6, R7, R8, R9",0805,10,1K,C17513
"R16, R4",1206,2,220K,C17956
"R17, R5",0805,2,2k4,C17526
"R25, R26",0805,2,300,C17617
